{
    "test": {
        "accuracy": 0.7825001328162354,
        "precision": 0.5410596026490067,
        "recall": 0.19369369369369369,
        "f1": 0.2852653631284916,
        "roc_auc": 0.664454882638093
    },
    "train": {
        "accuracy": 0.7759257291611327,
        "precision": 0.0,
        "recall": 0.0,
        "f1": 0.0,
        "roc_auc": 0.6641720151347756
    }
}