{
    "train": {
        "accuracy": 0.7861042117706438,
        "precision": 0.5728118473514334,
        "recall": 0.17882757394345325,
        "f1": 0.27256301382238685
    },
    "test": {
        "accuracy": 0.7817563618976784,
        "precision": 0.5425696594427245,
        "recall": 0.16619250829777146,
        "f1": 0.2544464609800363
    }
}