{
    "test": {
        "accuracy": 0.775912447537587,
        "precision": 0.0,
        "recall": 0.0,
        "f1": 0.0,
        "roc_auc": 0.7041587308853385
    },
    "confusion_matrix": {
        "true_positives": 0,
        "false_positives": 0,
        "true_negatives": 14605,
        "false_negatives": 4218
    },
    "overfitting": {
        "train_f1": 0.2893376342185498,
        "overfitting_ratio": 999.0
    }
}