{
    "test": {
        "accuracy": 0.7817679558011049,
        "precision": 0.5390070921985816,
        "recall": 0.18018018018018017,
        "f1": 0.27007818052594174,
        "roc_auc": 0.6646911068913202
    },
    "train": {
        "accuracy": 0.7759287051917176,
        "precision": 0.0,
        "recall": 0.0,
        "f1": 0.0,
        "roc_auc": 0.664106360427039
    }
}