{
    "train": {
        "accuracy": 0.7863859742329659,
        "precision": 0.5684027777777778,
        "recall": 0.19406081441526882,
        "f1": 0.2893376342185498
    },
    "test": {
        "accuracy": 0.781968867874409,
        "precision": 0.5405405405405406,
        "recall": 0.18018018018018017,
        "f1": 0.2702702702702703
    }
}