{
    "test": {
        "accuracy": 0.781968867874409,
        "precision": 0.5405405405405406,
        "recall": 0.18018018018018017,
        "f1": 0.2702702702702703,
        "roc_auc": 0.6646657540619594
    },
    "train": {
        "accuracy": 0.7759197768627972,
        "precision": 0.0,
        "recall": 0.0,
        "f1": 0.0,
        "roc_auc": 0.6641224319824065
    }
}