{
    "test": {
        "accuracy": 0.7817563618976784,
        "precision": 0.5425696594427245,
        "recall": 0.16619250829777146,
        "f1": 0.2544464609800363,
        "roc_auc": 0.6642783028798993
    },
    "train": {
        "accuracy": 0.7759168005950404,
        "precision": 0.0,
        "recall": 0.0,
        "f1": 0.0,
        "roc_auc": 0.6642213274457791
    }
}