{
    "test": {
        "accuracy": 0.7844307124085518,
        "precision": 0.5473801560758083,
        "recall": 0.15737179487179487,
        "f1": 0.24446104057754542,
        "roc_auc": 0.6558829486243598
    },
    "train": {
        "accuracy": 0.7783785703504426,
        "precision": 0.0,
        "recall": 0.0,
        "f1": 0.0,
        "roc_auc": 0.6551803941401404
    }
}